protein.key;protein.Entry;protein.Accession;protein.Description;protein.dataBaseType;protein.score;protein.falsePositiveRate;protein.avgMass;protein.MatchedProducts;protein.matchedPeptides;protein.digestPeps;protein.seqCover(%);protein.MatchedPeptideIntenSum;protein.top3MatchedPeptideIntenSum;protein.MatchedProductIntenSum;protein.fmolOnColumn;protein.ngramOnColumn;protein.AutoCurate;protein.Key_ForHomologs
3020;H4_MOUSE;P62806;Histone H4 OS=Mus musculus OX=10090 GN=H4c1 PE=1 SV=2;Regular;58.977.910;0.00;113.673.627;72;7;11;59.22;187743;139295;96097;;;Green;
11810;H2AJ_MOUSE;Q8R1M2;Histone H2A.J OS=Mus musculus OX=10090 GN=H2aj PE=1 SV=1;Regular;36.938.640;0.00;140.454.643;47;4;8;35.66;85115;0;58797;;;Green;221 222 223 224 225 226 227 228 229 1421 2021 5011 5012 5147 5878 6628 6629 6630 10637
6630;H2A1K_MOUSE;Q8CGP7;Histone H2A type 1-K OS=Mus musculus OX=10090 GN=H2ac15 PE=1 SV=3;Regular;36.938.640;0.00;141.495.353;47;4;9;35.38;85115;0;58797;;;Green;221 222 223 224 225 226 227 228 229 1421 2021 5011 5012 5147 5878 6628 6629 10637 11810
6629;H2A1H_MOUSE;Q8CGP6;Histone H2A type 1-H OS=Mus musculus OX=10090 GN=H2ac12 PE=1 SV=3;Regular;36.938.640;0.00;139.502.822;47;4;9;35.94;85115;82772;58797;;;Green;221 222 223 224 225 226 227 228 229 1421 2021 5011 5012 5147 5878 6628 6630 10637 11810
6628;H2A1F_MOUSE;Q8CGP5;Histone H2A type 1-F OS=Mus musculus OX=10090 GN=Hist1h2af PE=1 SV=3;Regular;36.938.640;0.00;141.615.463;47;4;9;35.38;85115;0;58797;;;Green;221 222 223 224 225 226 227 228 229 1421 2021 5011 5012 5147 5878 6629 6630 10637 11810
5878;H2A3_MOUSE;Q8BFU2;Histone H2A type 3 OS=Mus musculus OX=10090 GN=H2ac25 PE=1 SV=3;Regular;36.938.640;0.00;141.214.815;47;4;9;35.38;85115;0;58797;;;Green;221 222 223 224 225 226 227 228 229 1421 2021 5011 5012 5147 6628 6629 6630 10637 11810
5147;H2A2A_MOUSE;Q6GSS7;Histone H2A type 2-A OS=Mus musculus OX=10090 GN=Hist2h2aa1 PE=1 SV=3;Regular;36.938.640;0.00;140.955.078;43;3;9;26.92;82772;0;56836;;;Green;221 222 223 224 225 226 227 228 229 1421 2021 5011 5012 5878 6628 6629 6630 10637 11810
5012;H2A2C_MOUSE;Q64523;Histone H2A type 2-C OS=Mus musculus OX=10090 GN=H2ac20 PE=1 SV=3;Regular;36.938.640;0.00;139.883.928;43;3;8;27.13;82772;0;56836;;;Green;221 222 223 224 225 226 227 228 229 1421 2021 5011 5147 5878 6628 6629 6630 10637 11810
229;H2A1P_MOUSE;C0HKE9;Histone H2A type 1-P OS=Mus musculus OX=10090 GN=Hist1h2ap PE=1 SV=1;Regular;36.938.640;0.00;141.355.084;47;4;9;35.38;85115;0;58797;;;Green;221 222 223 224 225 226 227 228 1421 2021 5011 5012 5147 5878 6628 6629 6630 10637 11810
228;H2A1O_MOUSE;C0HKE8;Histone H2A type 1-O OS=Mus musculus OX=10090 GN=Hist1h2ao PE=1 SV=1;Regular;36.938.640;0.00;141.355.084;47;4;9;35.38;85115;0;58797;;;Green;221 222 223 224 225 226 227 229 1421 2021 5011 5012 5147 5878 6628 6629 6630 10637 11810
227;H2A1N_MOUSE;C0HKE7;Histone H2A type 1-N OS=Mus musculus OX=10090 GN=Hist1h2an PE=1 SV=1;Regular;36.938.640;0.00;141.355.084;47;4;9;35.38;85115;0;58797;;;Green;221 222 223 224 225 226 228 229 1421 2021 5011 5012 5147 5878 6628 6629 6630 10637 11810
226;H2A1I_MOUSE;C0HKE6;Histone H2A type 1-I OS=Mus musculus OX=10090 GN=H2ac13 PE=1 SV=1;Regular;36.938.640;0.00;141.355.084;47;4;9;35.38;85115;0;58797;;;Green;221 222 223 224 225 227 228 229 1421 2021 5011 5012 5147 5878 6628 6629 6630 10637 11810
225;H2A1G_MOUSE;C0HKE5;Histone H2A type 1-G OS=Mus musculus OX=10090 GN=H2ac11 PE=1 SV=1;Regular;36.938.640;0.00;141.355.084;47;4;9;35.38;85115;0;58797;;;Green;221 222 223 224 226 227 228 229 1421 2021 5011 5012 5147 5878 6628 6629 6630 10637 11810
224;H2A1E_MOUSE;C0HKE4;Histone H2A type 1-E OS=Mus musculus OX=10090 GN=H2ac8 PE=1 SV=1;Regular;36.938.640;0.00;141.355.084;47;4;9;35.38;85115;0;58797;;;Green;221 222 223 225 226 227 228 229 1421 2021 5011 5012 5147 5878 6628 6629 6630 10637 11810
223;H2A1D_MOUSE;C0HKE3;Histone H2A type 1-D OS=Mus musculus OX=10090 GN=H2ac7 PE=1 SV=1;Regular;36.938.640;0.00;141.355.084;47;4;9;35.38;85115;0;58797;;;Green;221 222 224 225 226 227 228 229 1421 2021 5011 5012 5147 5878 6628 6629 6630 10637 11810
222;H2A1C_MOUSE;C0HKE2;Histone H2A type 1-C OS=Mus musculus OX=10090 GN=H2ac6 PE=1 SV=1;Regular;36.938.640;0.00;141.355.084;47;4;9;35.38;85115;0;58797;;;Green;221 223 224 225 226 227 228 229 1421 2021 5011 5012 5147 5878 6628 6629 6630 10637 11810
221;H2A1B_MOUSE;C0HKE1;Histone H2A type 1-B OS=Mus musculus OX=10090 GN=H2ac4 PE=1 SV=1;Regular;36.938.640;0.00;141.355.084;47;4;9;35.38;85115;0;58797;;;Green;222 223 224 225 226 227 228 229 1421 2021 5011 5012 5147 5878 6628 6629 6630 10637 11810
6627;H2B1P_MOUSE;Q8CGP2;Histone H2B type 1-P OS=Mus musculus OX=10090 GN=Hist1h2bp PE=1 SV=3;Regular;18.896.780;0.00;139.922.965;46;5;15;29.37;103365;0;43932;;;Green;1489 1490 3262 4998 4999 5013 5014 5448 6625 6626 8300
6626;H2B1K_MOUSE;Q8CGP1;Histone H2B type 1-K OS=Mus musculus OX=10090 GN=H2bc12 PE=1 SV=3;Regular;18.896.780;0.00;139.201.895;46;5;15;29.37;103365;0;43932;;;Green;1489 1490 3262 4998 4999 5013 5014 5448 6625 6627 8300
5448;H2B1C_MOUSE;Q6ZWY9;Histone H2B type 1-C/E/G OS=Mus musculus OX=10090 GN=H2bc4 PE=1 SV=3;Regular;18.896.780;0.00;139.061.627;46;5;15;29.37;103365;0;43932;;;Green;1489 1490 3262 4998 4999 5013 5014 6625 6626 6627 8300
5014;H2B2B_MOUSE;Q64525;Histone H2B type 2-B OS=Mus musculus OX=10090 GN=Hist2h2bb PE=1 SV=3;Regular;18.896.780;0.00;139.201.896;46;5;15;29.37;103365;0;43932;;;Green;1489 1490 3262 4998 4999 5013 5448 6625 6626 6627 8300
4999;H2B1H_MOUSE;Q64478;Histone H2B type 1-H OS=Mus musculus OX=10090 GN=H2bc9 PE=1 SV=3;Regular;18.896.780;0.00;139.201.896;46;5;15;29.37;103365;0;43932;;;Green;1489 1490 3262 4998 5013 5014 5448 6625 6626 6627 8300
4998;H2B1B_MOUSE;Q64475;Histone H2B type 1-B OS=Mus musculus OX=10090 GN=H2bc3 PE=1 SV=3;Regular;18.896.780;0.00;139.521.883;46;5;15;29.37;103365;0;43932;;;Green;1489 1490 3262 4999 5013 5014 5448 6625 6626 6627 8300
1490;H2B1M_MOUSE;P10854;Histone H2B type 1-M OS=Mus musculus OX=10090 GN=H2bc14 PE=1 SV=2;Regular;18.896.780;0.00;139.361.890;46;5;15;29.37;103365;0;43932;;;Green;1489 3262 4998 4999 5013 5014 5448 6625 6626 6627 8300
1489;H2B1F_MOUSE;P10853;Histone H2B type 1-F/J/L OS=Mus musculus OX=10090 GN=H2bc7 PE=1 SV=2;Regular;18.896.780;0.00;139.361.889;46;5;15;29.37;103365;94552;43932;;;Green;1490 3262 4998 4999 5013 5014 5448 6625 6626 6627 8300
3093;ACTG_MOUSE;P63260;Actin_ cytoplasmic 2 OS=Mus musculus OX=10090 GN=Actg1 PE=1 SV=1;Regular;8.615.120;0.00;421.351.246;92;12;37;30.40;111904;0;73335;;;Green;2923 3014 3094 3108 3111 11329
2923;ACTB_MOUSE;P60710;Actin_ cytoplasmic 1 OS=Mus musculus OX=10090 GN=Actb PE=1 SV=1;Regular;8.615.120;0.00;420.790.170;95;12;37;30.40;124957;68897;75220;;;Green;3014 3093 3094 3108 3111 11329
3262;H2B1A_MOUSE;P70696;Histone H2B type 1-A OS=Mus musculus OX=10090 GN=H2bc1 PE=1 SV=3;Regular;8.214.321;0.00;142.936.761;24;3;16;21.26;75846;0;24944;;;Green;1489 1490 4998 4999 5013 5014 5448 6625 6626 6627 8300
8300;H2B3A_MOUSE;Q9D2U9;H2B.U histone 2 OS=Mus musculus OX=10090 GN=H2bu2 PE=1 SV=3;Regular;7.405.530;0.00;139.942.287;18;2;15;15.87;72752;0;16891;;;Green;1489 1490 3262 4998 4999 5013 5014 5448 6625 6626 6627
6625;H2B3B_MOUSE;Q8CGP0;Histone H2B type 3-B OS=Mus musculus OX=10090 GN=H2bc26 PE=1 SV=3;Regular;7.405.530;0.00;139.081.352;18;2;15;15.87;72752;0;16891;;;Green;1489 1490 3262 4998 4999 5013 5014 5448 6626 6627 8300
5013;H2B2E_MOUSE;Q64524;Histone H2B type 2-E OS=Mus musculus OX=10090 GN=H2bc21 PE=1 SV=3;Regular;7.405.530;0.00;139.932.843;18;2;15;15.87;72752;0;16891;;;Green;1489 1490 3262 4998 4999 5014 5448 6625 6626 6627 8300
10637;H2AV_MOUSE;Q3THW5;Histone H2A.V OS=Mus musculus OX=10090 GN=H2az2 PE=1 SV=3;Regular;6.486.339;0.00;135.086.993;18;2;9;12.50;70788;0;41128;;;Green;221 222 223 224 225 226 227 228 229 1421 2021 5011 5012 5147 5878 6628 6629 6630 11810
2021;H2AX_MOUSE;P27661;Histone H2AX OS=Mus musculus OX=10090 GN=H2ax PE=1 SV=2;Regular;6.486.339;0.00;151.426.137;18;2;12;11.19;70788;0;41128;;;Green;221 222 223 224 225 226 227 228 229 1421 5011 5012 5147 5878 6628 6629 6630 10637 11810
1421;H2AZ_MOUSE;P0C0S6;Histone H2A.Z OS=Mus musculus OX=10090 GN=H2az1 PE=1 SV=2;Regular;6.486.339;0.00;135.527.525;18;2;9;12.50;70788;0;41128;;;Green;221 222 223 224 225 226 227 228 229 2021 5011 5012 5147 5878 6628 6629 6630 10637 11810
5011;H2A2B_MOUSE;Q64522;Histone H2A type 2-B OS=Mus musculus OX=10090 GN=H2ac21 PE=1 SV=3;Regular;5.996.680;0.00;140.133.593;13;1;9;6.92;62304;0;35270;;;Green;221 222 223 224 225 226 227 228 229 1421 2021 5012 5147 5878 6628 6629 6630 10637 11810
3311;H33_MOUSE;P84244;Histone H3.3 OS=Mus musculus OX=10090 GN=H3-3a PE=1 SV=2;Regular;4.807.547;0.00;153.849.580;24;4;14;21.32;34977;0;32482;;;Green;1201 3119 3310
3310;H32_MOUSE;P84228;Histone H3.2 OS=Mus musculus OX=10090 GN=H3c2 PE=1 SV=2;Regular;4.807.547;0.00;154.450.777;24;4;14;21.32;34977;0;32482;;;Green;1201 3119 3311
3119;H31_MOUSE;P68433;Histone H3.1 OS=Mus musculus OX=10090 GN=H3c1 PE=1 SV=2;Regular;4.807.547;0.00;155.181.658;24;4;14;21.32;34977;0;32482;;;Green;1201 3310 3311
1201;H3C_MOUSE;P02301;Histone H3.3C OS=Mus musculus OX=10090 GN=H3-5 PE=3 SV=3;Regular;4.807.547;0.00;153.719.562;25;4;14;21.32;37443;29059;32566;;;Green;3119 3310 3311
3111;ACTS_MOUSE;P68134;Actin_ alpha skeletal muscle OS=Mus musculus OX=10090 GN=Acta1 PE=1 SV=1;Regular;4.299.169;0.00;423.933.153;58;9;37;19.36;64619;0;48776;;;Green;2923 3014 3093 3094 3108 11329
3108;ACTC_MOUSE;P68033;Actin_ alpha cardiac muscle 1 OS=Mus musculus OX=10090 GN=Actc1 PE=1 SV=1;Regular;4.299.169;0.00;423.612.493;58;9;37;19.36;64619;0;48776;;;Green;2923 3014 3093 3094 3111 11329
3094;ACTH_MOUSE;P63268;Actin_ gamma-enteric smooth muscle OS=Mus musculus OX=10090 GN=Actg2 PE=1 SV=1;Regular;4.299.169;0.00;422.761.803;58;9;36;19.41;64619;0;48776;;;Green;2923 3014 3093 3108 3111 11329
3014;ACTA_MOUSE;P62737;Actin_ aortic smooth muscle OS=Mus musculus OX=10090 GN=Acta2 PE=1 SV=1;Regular;4.299.169;0.00;424.082.561;58;9;37;19.36;64619;0;48776;;;Green;2923 3093 3094 3108 3111 11329
1792;VIME_MOUSE;P20152;Vimentin OS=Mus musculus OX=10090 GN=Vim PE=1 SV=3;Regular;3.775.454;0.00;537.447.779;82;13;49;28.11;87281;51159;62821;;;Green;
34390;REVERSE16600;REVERSE16600;Reversed Sequence 16600;Reverse;1.330.689;2.22;279.624.338;13;2;16;8.87;7448;11172;5863;;;Green;
11329;ACTBL_MOUSE;Q8BFZ3;Beta-actin-like protein 2 OS=Mus musculus OX=10090 GN=Actbl2 PE=1 SV=1;Regular;1.216.412;2.17;423.464.809;27;4;38;7.98;16077;0;20623;;;Green;2923 3014 3093 3094 3108 3111
