protein.key;protein.Entry;protein.Accession;protein.Description;protein.dataBaseType;protein.score;protein.falsePositiveRate;protein.avgMass;protein.MatchedProducts;protein.matchedPeptides;protein.digestPeps;protein.seqCover(%);protein.MatchedPeptideIntenSum;protein.top3MatchedPeptideIntenSum;protein.MatchedProductIntenSum;protein.fmolOnColumn;protein.ngramOnColumn;protein.AutoCurate;protein.Key_ForHomologs
15885;H2AJ_HUMAN;Q9BTM1;Histone H2A.J OS=Homo sapiens OX=9606 GN=H2AJ PE=1 SV=1;Regular;3.273.659;0.00;140.194.234;15;2;8;21.71;8949;0;5110;;;Green;2061 2391 2392 2826 3064 6628 7385 7909 7974 8451 9975 10507 10752 11000
11000;H2A1J_HUMAN;Q99878;Histone H2A type 1-J OS=Homo sapiens OX=9606 GN=H2AC14 PE=1 SV=3;Regular;3.273.659;0.00;139.362.957;15;2;9;21.88;8949;0;5110;;;Green;2061 2391 2392 2826 3064 6628 7385 7909 7974 8451 9975 10507 10752 15885
10507;H2A1H_HUMAN;Q96KK5;Histone H2A type 1-H OS=Homo sapiens OX=9606 GN=H2AC12 PE=1 SV=3;Regular;3.273.659;0.00;139.062.694;15;2;9;21.88;8949;13423.5;5110;;;Green;2061 2391 2392 2826 3064 6628 7385 7909 7974 8451 9975 10752 11000 15885
9975;H2A1C_HUMAN;Q93077;Histone H2A type 1-C OS=Homo sapiens OX=9606 GN=H2AC6 PE=1 SV=3;Regular;3.273.659;0.00;141.054.821;15;2;9;21.54;8949;0;5110;;;Green;2061 2391 2392 2826 3064 6628 7385 7909 7974 8451 10507 10752 11000 15885
7974;H2A3_HUMAN;Q7L7L0;Histone H2A type 3 OS=Homo sapiens OX=9606 GN=H2AC25 PE=1 SV=3;Regular;3.273.659;0.00;141.214.815;15;2;9;21.54;8949;0;5110;;;Green;2061 2391 2392 2826 3064 6628 7385 7909 8451 9975 10507 10752 11000 15885
7385;H2A2A_HUMAN;Q6FI13;Histone H2A type 2-A OS=Homo sapiens OX=9606 GN=H2AC18 PE=1 SV=3;Regular;3.273.659;0.00;140.955.078;15;2;9;21.54;8949;0;5110;;;Green;2061 2391 2392 2826 3064 6628 7909 7974 8451 9975 10507 10752 11000 15885
6628;H2A2C_HUMAN;Q16777;Histone H2A type 2-C OS=Homo sapiens OX=9606 GN=H2AC20 PE=1 SV=4;Regular;3.273.659;0.00;139.883.928;15;2;8;21.71;8949;0;5110;;;Green;2061 2391 2392 2826 3064 7385 7909 7974 8451 9975 10507 10752 11000 15885
3064;H2A1D_HUMAN;P20671;Histone H2A type 1-D OS=Homo sapiens OX=9606 GN=H2AC7 PE=1 SV=2;Regular;3.273.659;0.00;141.074.950;15;2;9;21.54;8949;0;5110;;;Green;2061 2391 2392 2826 6628 7385 7909 7974 8451 9975 10507 10752 11000 15885
2392;H2A1_HUMAN;P0C0S8;Histone H2A type 1 OS=Homo sapiens OX=9606 GN=H2AC11 PE=1 SV=2;Regular;3.273.659;0.00;140.914.956;15;2;9;21.54;8949;0;5110;;;Green;2061 2391 2826 3064 6628 7385 7909 7974 8451 9975 10507 10752 11000 15885
2061;H2A1B_HUMAN;P04908;Histone H2A type 1-B/E OS=Homo sapiens OX=9606 GN=H2AC4 PE=1 SV=2;Regular;3.273.659;0.00;141.355.084;15;2;9;21.54;8949;0;5110;;;Green;2391 2392 2826 3064 6628 7385 7909 7974 8451 9975 10507 10752 11000 15885
14372;UNC4_HUMAN;A6NJT0;Homeobox protein unc-4 homolog OS=Homo sapiens OX=9606 GN=UNCX PE=3 SV=1;Regular;2.447.848;0.00;542.035.060;19;2;28;6.21;27112;38213.92;10981;;;Green;447 597 1081 4638 6448 7276 8925 10426 10745 10867 11750 13918 14380 14527 15847
14380;DRGX_HUMAN;A6NNA5;Dorsal root ganglia homeobox protein OS=Homo sapiens OX=9606 GN=DRGX PE=3 SV=1;Regular;2.370.519;0.00;290.144.913;14;3;22;7.98;15650;11839.27;15898;;;Green;447 597 1081 4638 6448 7276 8925 10426 10745 10867 11750 13918 14372 14527 15847
10745;ARX_HUMAN;Q96QS3;Homeobox protein ARX OS=Homo sapiens OX=9606 GN=ARX PE=1 SV=1;Regular;2.029.941;0.00;585.592.616;22;4;38;8.72;9523;3388;12682;;;Green;447 597 1081 4638 6448 7276 8925 10426 10867 11750 13918 14372 14380 14527 15847
1958;FINC_HUMAN;P02751;Fibronectin OS=Homo sapiens OX=9606 GN=FN1 PE=1 SV=5;Regular;1.917.686;0.00;2.759.133.494;165;21;151;12.43;196250;58206;160004;;;Green;
15847;PRRX2_HUMAN;Q99811;Paired mesoderm homeobox protein 2 OS=Homo sapiens OX=9606 GN=PRRX2 PE=2 SV=2;Regular;1.861.827;0.00;271.934.387;9;1;22;3.56;6135;0;6740;;;Green;447 597 1081 4638 6448 7276 8925 10426 10745 10867 11750 13918 14372 14380 14527
14527;ALX3_HUMAN;O95076;Homeobox protein aristaless-like 3 OS=Homo sapiens OX=9606 GN=ALX3 PE=1 SV=2;Regular;1.861.827;0.00;372.769.138;9;1;19;2.62;6135;0;6740;;;Green;447 597 1081 4638 6448 7276 8925 10426 10745 10867 11750 13918 14372 14380 15847
13918;RX_HUMAN;Q9Y2V3;Retinal homeobox protein Rx OS=Homo sapiens OX=9606 GN=RAX PE=1 SV=2;Regular;1.861.827;0.00;369.037.496;9;1;26;2.60;6135;0;6740;;;Green;447 597 1081 4638 6448 7276 8925 10426 10745 10867 11750 14372 14380 14527 15847
11750;ALX4_HUMAN;Q9H161;Homeobox protein aristaless-like 4 OS=Homo sapiens OX=9606 GN=ALX4 PE=1 SV=2;Regular;1.861.827;0.00;446.404.692;9;1;29;2.19;6135;0;6740;;;Green;447 597 1081 4638 6448 7276 8925 10426 10745 10867 13918 14372 14380 14527 15847
10867;PHX2B_HUMAN;Q99453;Paired mesoderm homeobox protein 2B OS=Homo sapiens OX=9606 GN=PHOX2B PE=1 SV=2;Regular;1.861.827;0.00;319.061.539;9;1;21;2.87;6135;0;6740;;;Green;447 597 1081 4638 6448 7276 8925 10426 10745 11750 13918 14372 14380 14527 15847
10426;RAX2_HUMAN;Q96IS3;Retina and anterior neural fold homeobox protein 2 OS=Homo sapiens OX=9606 GN=RAX2 PE=1 SV=1;Regular;1.861.827;0.00;200.858.985;9;1;15;4.89;6135;0;6740;;;Green;447 597 1081 4638 6448 7276 8925 10745 10867 11750 13918 14372 14380 14527 15847
8925;ESX1_HUMAN;Q8N693;Homeobox protein ESX1 OS=Homo sapiens OX=9606 GN=ESX1 PE=1 SV=3;Regular;1.861.827;0.00;444.109.947;9;1;19;2.22;6135;0;6740;;;Green;447 597 1081 4638 6448 7276 10426 10745 10867 11750 13918 14372 14380 14527 15847
7276;OTP_HUMAN;Q5XKR4;Homeobox protein orthopedia OS=Homo sapiens OX=9606 GN=OTP PE=1 SV=1;Regular;1.861.827;0.00;343.867.882;9;1;22;2.77;6135;0;6740;;;Green;447 597 1081 4638 6448 8925 10426 10745 10867 11750 13918 14372 14380 14527 15847
6448;ALX1_HUMAN;Q15699;ALX homeobox protein 1 OS=Homo sapiens OX=9606 GN=ALX1 PE=1 SV=2;Regular;1.861.827;0.00;373.036.327;9;1;28;2.76;6135;0;6740;;;Green;447 597 1081 4638 7276 8925 10426 10745 10867 11750 13918 14372 14380 14527 15847
4638;PRRX1_HUMAN;P54821;Paired mesoderm homeobox protein 1 OS=Homo sapiens OX=9606 GN=PRRX1 PE=1 SV=2;Regular;1.861.827;0.00;273.534.767;9;1;20;3.67;6135;0;6740;;;Green;447 597 1081 6448 7276 8925 10426 10745 10867 11750 13918 14372 14380 14527 15847
1081;SHOX2_HUMAN;O60902;Short stature homeobox protein 2 OS=Homo sapiens OX=9606 GN=SHOX2 PE=1 SV=4;Regular;1.861.827;0.00;351.814.468;9;1;32;2.72;6135;0;6740;;;Green;447 597 4638 6448 7276 8925 10426 10745 10867 11750 13918 14372 14380 14527 15847
597;SHOX_HUMAN;O15266;Short stature homeobox protein OS=Homo sapiens OX=9606 GN=SHOX PE=1 SV=1;Regular;1.861.827;0.00;324.644.614;9;1;35;3.08;6135;0;6740;;;Green;447 1081 4638 6448 7276 8925 10426 10745 10867 11750 13918 14372 14380 14527 15847
447;PHX2A_HUMAN;O14813;Paired mesoderm homeobox protein 2A OS=Homo sapiens OX=9606 GN=PHOX2A PE=1 SV=2;Regular;1.861.827;0.00;299.955.456;9;1;21;3.17;6135;0;6740;;;Green;597 1081 4638 6448 7276 8925 10426 10745 10867 11750 13918 14372 14380 14527 15847
10752;H2A1A_HUMAN;Q96QV6;Histone H2A type 1-A OS=Homo sapiens OX=9606 GN=H2AC1 PE=1 SV=3;Regular;1.604.825;0.00;142.335.231;8;1;9;6.87;7212;0;3994;;;Green;2061 2391 2392 2826 3064 6628 7385 7909 7974 8451 9975 10507 11000 15885
8451;H2A2B_HUMAN;Q8IUE6;Histone H2A type 2-B OS=Homo sapiens OX=9606 GN=H2AC21 PE=1 SV=3;Regular;1.604.825;0.00;139.953.202;8;1;9;6.92;7212;0;3994;;;Green;2061 2391 2392 2826 3064 6628 7385 7909 7974 9975 10507 10752 11000 15885
7909;H2AV_HUMAN;Q71UI9;Histone H2A.V OS=Homo sapiens OX=9606 GN=H2AZ2 PE=1 SV=3;Regular;1.604.825;0.00;135.086.993;8;1;9;7.03;7212;0;3994;;;Green;2061 2391 2392 2826 3064 6628 7385 7974 8451 9975 10507 10752 11000 15885
2826;H2AX_HUMAN;P16104;Histone H2AX OS=Homo sapiens OX=9606 GN=H2AX PE=1 SV=2;Regular;1.604.825;0.00;151.445.863;8;1;12;6.29;7212;0;3994;;;Green;2061 2391 2392 3064 6628 7385 7909 7974 8451 9975 10507 10752 11000 15885
2391;H2AZ_HUMAN;P0C0S5;Histone H2A.Z OS=Homo sapiens OX=9606 GN=H2AZ1 PE=1 SV=2;Regular;1.604.825;0.00;135.527.525;8;1;9;7.03;7212;0;3994;;;Green;2061 2392 2826 3064 6628 7385 7909 7974 8451 9975 10507 10752 11000 15885
2032;K2C1_HUMAN;P04264;Keratin_ type II cytoskeletal 1 OS=Homo sapiens OX=9606 GN=KRT1 PE=1 SV=6;Regular;1.056.290;0.00;662.098.959;55;11;50;13.04;67525;31906;56313;;;Green;
13302;CLC2D_HUMAN;Q9UHP7;C-type lectin domain family 2 member D OS=Homo sapiens OX=9606 GN=CLEC2D PE=1 SV=1;Regular;946.102;0.00;223.620.655;7;1;20;16.23;1271;3813;1429;;;Yellow;
2239;TSP1_HUMAN;P07996;Thrombospondin-1 OS=Homo sapiens OX=9606 GN=THBS1 PE=1 SV=2;Regular;662.634;0.00;1.333.747.259;35;6;108;5.90;33449;24244;25644;;;Green;
7154;HENMT_HUMAN;Q5T8I9;Small RNA 2'-O-methyltransferase OS=Homo sapiens OX=9606 GN=HENMT1 PE=1 SV=1;Regular;647.154;0.00;450.378.766;11;3;35;5.34;9682;7680;4879;;;Yellow;
38905;REVERSE18482;REVERSE18482;Reversed Sequence 18482;Reverse;466.139;2.70;424.291.669;13;2;25;6.48;4942;7413;7039;;;Yellow;
2091;CFAI_HUMAN;P05156;Complement factor I OS=Homo sapiens OX=9606 GN=CFI PE=1 SV=2;Regular;462.202;2.63;681.455.049;12;2;51;3.77;7020;10530;9794;;;Yellow;
7296;CP135_HUMAN;Q66GS9;Centrosomal protein of 135 kDa OS=Homo sapiens OX=9606 GN=CEP135 PE=1 SV=2;Regular;425.388;2.56;1.339.466.370;31;9;174;5.70;27533;14328;30311;;;Yellow;
8822;MUC15_HUMAN;Q8N387;Mucin-15 OS=Homo sapiens OX=9606 GN=MUC15 PE=1 SV=2;Regular;392.957;2.50;363.515.052;5;2;22;5.69;5532;3471;5416;;;Red;
